api_name,hidden,icon,icon_locked,name_english,desc_english,name_spanish,desc_spanish,name_french,desc_french,name_brazilian,desc_brazilian,name_german,desc_german,name_italian,desc_italian,name_latam,desc_latam,name_schinese,desc_schinese,name_koreana,desc_koreana,name_japanese,desc_japanese,name_russian,desc_russian,name_polish,desc_polish
first_pin,0,icons/first_pin.jpg,icons/first_pin_locked.jpg,"First pin","Answer your first question.","Primer pin","Responde tu primera pregunta.","Premier pin","Réponds à ta première question.","Primeiro pino","Responda sua primeira pergunta.","Erster Pin","Beantworte deine erste Frage.","Primo pin","Rispondi alla tua prima domanda.","Primer marcador","Responde tu primera pregunta.","第一个标记","回答你的第一个问题。","첫 번째 핀","첫 번째 문제에 답하세요.","初めてのピン","最初の問題に答えよう。","Первая метка","Ответь на свой первый вопрос.","Pierwsza pinezka","Odpowiedz na pierwsze pytanie."
adv_start,0,icons/adv_start.jpg,icons/adv_start_locked.jpg,"Setting out","Start an Adventure.","Salir de casa","Empieza una Aventura.","En route","Commence une Aventure.","Partindo","Comece uma Aventura.","Aufbruch","Starte ein Abenteuer.","In partenza","Inizia un'Avventura.","Partiendo","Comienza una Aventura.","启程","开始一次冒险。","출발","모험을 시작하세요.","出発","アドベンチャーを始めよう。","В путь","Начни Приключение.","W drogę","Rozpocznij Przygodę."
bull_1,0,icons/bull_1.jpg,icons/bull_1_locked.jpg,"Bullseye","Land within 25 km (or inside the country).","Diana","Acierta a menos de 25 km (o dentro del país).","Mille","Tombe à moins de 25 km (ou dans le pays).","Na mosca","Acerte a menos de 25 km (ou dentro do país).","Volltreffer","Lande unter 25 km (oder im Land).","Centro","Cadi entro 25 km (o dentro il paese).","En el blanco","Cae a menos de 25 km (o dentro del país).","正中靶心","落点在 25 公里以内（或在该国境内）。","명중","25km 이내(또는 해당 국가 안)에 명중.","命中","25km以内（またはその国の中）に着地。","В яблочко","Попади в пределах 25 км (или внутри страны).","W dziesiątkę","Traf w promieniu 25 km (albo w granicach kraju)."
codex_10,0,icons/codex_10.jpg,icons/codex_10_locked.jpg,"First pages","10 Encyclopedia cards.","Primeras páginas","10 tarjetas en la Enciclopedia.","Premières pages","10 cartes de l'Encyclopédie.","Primeiras páginas","10 cartas da Enciclopédia.","Erste Seiten","10 Enzyklopädie-Karten.","Prime pagine","10 carte dell'Enciclopedia.","Primeras páginas","10 cartas de la Enciclopedia.","初页","获得 10 张百科全书卡片。","첫 페이지","백과사전 카드 10장.","最初のページ","図鑑カード10枚。","Первые страницы","10 карточек энциклопедии.","Pierwsze strony","10 kart Encyklopedii."
adv_clear1,0,icons/adv_clear1.jpg,icons/adv_clear1_locked.jpg,"First camp","Clear an Adventure round.","Primer campamento","Supera una ronda de la Aventura.","Premier campement","Réussis une manche de l'Aventure.","Primeiro acampamento","Supere uma rodada da Aventura.","Erstes Lager","Schaffe eine Abenteuer-Runde.","Primo accampamento","Supera un round dell'Avventura.","Primer campamento","Supera una ronda de Aventura.","第一个营地","通过一个冒险回合。","첫 번째 캠프","모험 라운드를 클리어하세요.","最初のキャンプ","アドベンチャーラウンドをクリアしよう。","Первый лагерь","Пройди раунд Приключения.","Pierwszy obóz","Zalicz rundę Przygody."
adv_blind,0,icons/adv_blind.jpg,icons/adv_blind_locked.jpg,"Blindfolded","Clear a round without using tools.","A ciegas","Supera una ronda sin usar herramientas.","Les yeux bandés","Réussis une manche sans utiliser d'outils.","De olhos vendados","Supere uma rodada sem usar ferramentas.","Blind","Schaffe eine Runde ohne Werkzeuge.","A occhi bendati","Supera un round senza usare strumenti.","Con los ojos vendados","Supera una ronda sin usar herramientas.","蒙眼挑战","不使用工具通过一个回合。","눈을 가리고","도구를 사용하지 않고 라운드를 클리어하세요.","目隠しで","道具を使わずにラウンドをクリアしよう。","С завязанными глазами","Пройди раунд без инструментов.","Z zawiązanymi oczami","Zalicz rundę bez używania narzędzi."
streak_5,0,icons/streak_5.jpg,icons/streak_5_locked.jpg,"On a roll","5-hit streak.","En racha","Racha de 5 aciertos.","Sur une lancée","Série de 5 tirs.","Embalado","Sequência de 5 acertos.","In Fahrt","Serie von 5 Treffern.","In serie","Serie di 5 colpi.","Con impulso","Racha de 5 aciertos.","势如破竹","连续命中 5 次。","연승 중","5연속 명중.","絶好調","5連続ヒット。","В ударе","Серия из 5 попаданий.","Idzie jak z płatka","Seria 5 trafień."
speed,0,icons/speed.jpg,icons/speed_locked.jpg,"Lightning","Nail it in under 2 seconds.","Relámpago","Acierta bien en menos de 2 segundos.","Éclair","Réussis en moins de 2 secondes.","Relâmpago","Acerte em menos de 2 segundos.","Blitz","Triff in unter 2 Sekunden.","Fulmine","Centra in meno di 2 secondi.","Relámpago","Acierta en menos de 2 segundos.","闪电","在 2 秒内命中。","번개","2초 이내에 명중하세요.","稲妻","2秒以内に命中させよう。","Молния","Попади менее чем за 2 секунды.","Błyskawica","Traf w mniej niż 2 sekundy."
codex_50,0,icons/codex_50.jpg,icons/codex_50_locked.jpg,"Bookworm","50 cards.","Rata de biblioteca","50 tarjetas.","Rat de bibliothèque","50 cartes.","Rato de biblioteca","50 cartas.","Bücherwurm","50 Karten.","Topo di biblioteca","50 carte.","Ratón de biblioteca","50 cartas.","书虫","50 张卡片。","책벌레","카드 50장.","本の虫","カード50枚。","Книжный червь","50 карточек.","Mól książkowy","50 kart."
adv_bribe,0,icons/adv_bribe.jpg,icons/adv_bribe_locked.jpg,"Under the table","Bribe the dealer to remove a trick.","Bajo la mesa","Soborna al crupier para quitar un truco.","Sous la table","Soudoie le croupier pour retirer un tour.","Por baixo da mesa","Suborne o crupiê para tirar um truque.","Unter dem Tisch","Besteche den Croupier, damit er einen Trick streicht.","Sotto banco","Corrompi il croupier per togliere un trucco.","Bajo la mesa","Soborna al crupier para quitar un truco.","桌下交易","贿赂荷官，撤掉一个花招。","테이블 밑 거래","딜러를 매수해 속임수 하나를 없애세요.","テーブルの下で","ディーラーを買収してトリックを1つ消そう。","Под столом","Подкупи крупье, чтобы убрать трюк.","Pod stołem","Przekup krupiera, żeby usunąć sztuczkę."
perfect,0,icons/perfect.jpg,icons/perfect_locked.jpg,"Perfect round","Nail every question in a Classic level.","Ronda perfecta","Acierta bien todas las preguntas de un nivel del Clásico.","Manche parfaite","Réussis toutes les questions d'un niveau du mode Classique.","Rodada perfeita","Acerte todas as perguntas de um nível do Clássico.","Perfekte Runde","Triff jede Frage eines Levels im Klassik-Modus.","Round perfetto","Centra tutte le domande di un livello del Classico.","Ronda perfecta","Acierta todas las preguntas de un nivel del Clásico.","完美回合","在经典模式的一个关卡中答好每一道题。","완벽한 라운드","클래식 한 레벨의 모든 문제를 정확히 맞히세요.","パーフェクトラウンド","クラシックの1レベルで全問を的中させよう。","Идеальный раунд","Точно ответь на все вопросы одного уровня «Классики».","Idealna runda","Traf wszystkie pytania na jednym poziomie trybu Klasycznego."
q_100,0,icons/q_100.jpg,icons/q_100_locked.jpg,"Apprentice","100 questions answered.","Aprendiz","100 preguntas respondidas.","Apprenti","100 questions répondues.","Aprendiz","100 perguntas respondidas.","Lehrling","100 Fragen beantwortet.","Apprendista","100 domande risposte.","Aprendiz","100 preguntas respondidas.","学徒","回答了 100 道题。","견습생","100개의 문제에 답했습니다.","見習い","100問に回答。","Ученик","Отвечено на 100 вопросов.","Czeladnik","100 odpowiedzi."
km_equator,0,icons/km_equator.jpg,icons/km_equator_locked.jpg,"Equatorial blunder","Rack up 40,075 km of total error: one full lap of the Earth.","Despiste ecuatorial","Acumula 40.075 km de error: una vuelta entera al mundo.","Bévue équatoriale","Cumule 40 075 km d'erreur : un tour complet de la Terre.","Gafe equatorial","Acumule 40.075 km de erro: uma volta inteira ao mundo.","Äquator-Patzer","Sammle insgesamt 40.075 km Abweichung: einmal um die ganze Erde.","Svista equatoriale","Accumula 40.075 km di errore: un giro completo della Terra.","Despiste ecuatorial","Acumula 40.075 km de error: una vuelta entera al mundo.","赤道级失误","累计误差达到 40,075 公里：正好绕地球一整圈。","적도급 실수","누적 오차 40,075km: 지구를 한 바퀴 돈 셈입니다.","赤道級のうっかり","誤差の合計が40,075km：ちょうど地球一周分。","Экваториальный промах","Набери 40 075 км ошибки — целый оборот вокруг Земли.","Równikowa gafa","Nazbieraj 40 075 km błędu: pełne okrążenie Ziemi."
adv_boss,0,icons/adv_boss.jpg,icons/adv_boss_locked.jpg,"Boss slayer","Defeat a boss.","Cazajefes","Derrota a un jefe.","Tueur de boss","Vaincs un boss.","Caçador de chefes","Derrote um chefe.","Bossbezwinger","Besiege einen Boss.","Ammazzaboss","Sconfiggi un boss.","Cazador de jefes","Derrota a un jefe.","首领终结者","击败一个首领。","보스 사냥꾼","보스를 처치하세요.","ボススレイヤー","ボスを倒そう。","Убийца боссов","Победи босса.","Pogromca bossów","Pokonaj bossa."
adv_act1,0,icons/adv_act1.jpg,icons/adv_act1_locked.jpg,"The known roads","Complete Act I.","Las rutas conocidas","Completa el Acto I.","Les routes connues","Termine l'Acte I.","As rotas conhecidas","Complete o Ato I.","Die bekannten Wege","Schließe Akt I ab.","Le strade conosciute","Completa l'Atto I.","Las rutas conocidas","Completa el Acto I.","已知的道路","完成第一幕。","알려진 길","1막을 완료하세요.","既知の道","第1幕を完了しよう。","Известные дороги","Заверши Акт I.","Znane szlaki","Ukończ Akt I."
codex_100,0,icons/codex_100.jpg,icons/codex_100_locked.jpg,"Scholar","100 cards.","Erudito","100 tarjetas.","Érudit","100 cartes.","Erudito","100 cartas.","Gelehrter","100 Karten.","Erudito","100 carte.","Erudito","100 cartas.","学者","100 张卡片。","학자","카드 100장.","学者","カード100枚。","Учёный","100 карточек.","Uczony","100 kart."
streak_10,0,icons/streak_10.jpg,icons/streak_10_locked.jpg,"Unstoppable","10-hit streak.","Imparable","Racha de 10 aciertos.","Inarrêtable","Série de 10 tirs.","Imparável","Sequência de 10 acertos.","Unaufhaltsam","Serie von 10 Treffern.","Inarrestabile","Serie di 10 colpi.","Imparable","Racha de 10 aciertos.","势不可挡","连续命中 10 次。","멈출 수 없는","10연속 명중.","止められない","10連続ヒット。","Неудержимый","Серия из 10 попаданий.","Nie do zatrzymania","Seria 10 trafień."
daily_1,0,icons/daily_1.jpg,icons/daily_1_locked.jpg,"Daily challenge","Complete a Daily challenge.","Reto del día","Completa un Reto diario.","Défi quotidien","Termine un défi quotidien.","Desafio diário","Complete um desafio diário.","Tagesherausforderung","Schließe eine Tagesherausforderung ab.","Sfida giornaliera","Completa una sfida giornaliera.","Desafío diario","Completa un desafío diario.","每日挑战","完成一次每日挑战。","일일 도전","일일 도전을 완료하세요.","デイリーチャレンジ","デイリーチャレンジを完了しよう。","Испытание дня","Заверши ежедневное испытание.","Wyzwanie dnia","Ukończ Wyzwanie dnia."
classic_world,0,icons/classic_world.jpg,icons/classic_world_locked.jpg,"Round the world","Finish the World campaign.","Vuelta al mundo","Termina la campaña Mundo.","Le tour du monde","Termine la campagne Monde.","Volta ao mundo","Termine a campanha Mundo.","Einmal um die Welt","Beende die Kampagne Welt.","Il giro del mondo","Termina la campagna Mondo.","Vuelta al mundo","Termina la campaña Mundo.","环游世界","完成「世界」战役。","세계 일주","세계 캠페인을 완료하세요.","世界一周","「世界」キャンペーンを完了しよう。","Вокруг света","Заверши кампанию «Мир».","Dookoła świata","Ukończ kampanię Świat."
last_second,0,icons/last_second.jpg,icons/last_second_locked.jpg,"By a whisker","Nail it with under 1 second left.","Por los pelos","Acierta bien con menos de 1 segundo restante.","De justesse","Réussis avec moins d'1 seconde restante.","Por um triz","Acerte com menos de 1 segundo restante.","Um Haaresbreite","Triff mit weniger als 1 Sekunde übrig.","Per un soffio","Centra con meno di 1 secondo rimasto.","Por un pelo","Acierta con menos de 1 segundo restante.","千钧一发","在剩余不到 1 秒时命中。","간발의 차로","남은 시간 1초 미만에 명중하세요.","紙一重で","残り1秒未満で命中させよう。","На волоске","Попади, когда осталось меньше 1 секунды.","O włos","Traf, gdy zostaje mniej niż sekunda."
codex_capitals,0,icons/codex_capitals.jpg,icons/codex_capitals_locked.jpg,"Diplomat","40 capitals.","Diplomático","40 capitales.","Diplomate","40 capitales.","Diplomata","40 capitais.","Diplomat","40 Hauptstädte.","Diplomatico","40 capitali.","Diplomático","40 capitales.","外交官","40 座首都。","외교관","수도 40개.","外交官","首都40か所。","Дипломат","40 столиц.","Dyplomata","40 stolic."
codex_water,0,icons/codex_water.jpg,icons/codex_water_locked.jpg,"Calm waters","15 seas, lakes or islands.","Aguas tranquilas","15 mares, lagos o islas.","Eaux calmes","15 mers, lacs ou îles.","Águas calmas","15 mares, lagos ou ilhas.","Ruhige Gewässer","15 Meere, Seen oder Inseln.","Acque calme","15 mari, laghi o isole.","Aguas tranquilas","15 mares, lagos o islas.","风平浪静","15 个海洋、湖泊或岛屿。","잔잔한 물결","바다, 호수, 섬 15곳.","穏やかな水面","海・湖・島を15件。","Тихие воды","15 морей, озёр или островов.","Spokojne wody","15 mórz, jezior lub wysp."
codex_nature,0,icons/codex_nature.jpg,icons/codex_nature_locked.jpg,"Naturalist","30 nature entries in the Encyclopedia.","Naturalista","30 lugares de naturaleza en la Enciclopedia.","Naturaliste","30 lieux naturels dans l'Encyclopédie.","Naturalista","30 lugares de natureza na Enciclopédia.","Naturforscher","30 Naturorte in der Enzyklopädie.","Naturalista","30 luoghi naturali nell'Enciclopedia.","Naturalista","30 lugares de naturaleza en la Enciclopedia.","博物学家","百科全书中收录 30 个自然景观。","자연주의자","도감에 자연 장소 30곳.","ナチュラリスト","図鑑に自然の場所を30件。","Натуралист","30 природных мест в энциклопедии.","Przyrodnik","30 miejsc przyrodniczych w Encyklopedii."
codex_people,0,icons/codex_people.jpg,icons/codex_people_locked.jpg,"Historian","25 historical figures.","Historiador","25 personajes históricos.","Historien","25 personnages historiques.","Historiador","25 personagens históricos.","Historiker","25 historische Persönlichkeiten.","Storico","25 personaggi storici.","Historiador","25 personajes históricos.","历史学家","25 位历史人物。","역사가","역사적 인물 25명.","歴史家","歴史上の人物25人。","Историк","25 исторических личностей.","Historyk","25 postaci historycznych."
codex_events,0,icons/codex_events.jpg,icons/codex_events_locked.jpg,"Chronicler","20 battles and events.","Cronista","20 batallas y sucesos.","Chroniqueur","20 batailles et événements.","Cronista","20 batalhas e acontecimentos.","Chronist","20 Schlachten und Ereignisse.","Cronista","20 battaglie ed eventi.","Cronista","20 batallas y sucesos.","编年史家","20 场战役与事件。","연대기 작가","전투와 사건 20개.","年代記作者","戦いと出来事20件。","Летописец","20 битв и событий.","Kronikarz","20 bitew i wydarzeń."
codex_place,0,icons/codex_place.jpg,icons/codex_place_locked.jpg,"Hidden corners","10 uncategorized places.","Rincones perdidos","10 lugares sin categoría propia.","Coins perdus","10 lieux sans catégorie.","Cantos escondidos","10 lugares sem categoria.","Versteckte Winkel","10 Orte ohne Kategorie.","Angoli nascosti","10 luoghi senza categoria.","Rincones perdidos","10 lugares sin categoría propia.","隐秘角落","10 个未分类的地点。","숨겨진 구석","분류되지 않은 장소 10곳.","秘境めぐり","分類のない場所を10件。","Затерянные уголки","10 мест без категории.","Zakamarki świata","10 miejsc bez kategorii."
inside,0,icons/inside.jpg,icons/inside_locked.jpg,"Welcome home","Click inside 25 countries.","Bienvenido a casa","Haz clic dentro de 25 países.","Bienvenue chez toi","Clique dans 25 pays.","Bem-vindo ao lar","Clique dentro de 25 países.","Willkommen zu Hause","Klicke in 25 Länder.","Bentornato a casa","Clicca dentro 25 paesi.","Bienvenido a casa","Haz clic dentro de 25 países.","欢迎回家","在 25 个国家境内点击过。","집에 오신 것을 환영합니다","25개 국가 안을 클릭하세요.","おかえりなさい","25か国の中をクリックしよう。","Добро пожаловать домой","Кликни внутри 25 стран.","Witaj w domu","Kliknij w granicach 25 krajów."
bull_25,0,icons/bull_25.jpg,icons/bull_25_locked.jpg,"Surgeon's aim","25 bullseyes in total.","Pulso de cirujano","25 dianas en total.","Main de chirurgien","25 mille au total.","Pulso de cirurgião","25 moscas no total.","Chirurgenhand","25 Volltreffer insgesamt.","Mano da chirurgo","25 centri in totale.","Puntería de cirujano","25 blancos perfectos en total.","外科医生的准头","累计正中靶心 25 次。","외과의의 조준","총 25번 명중.","外科医の狙い","合計25回命中。","Точность хирурга","Всего 25 яблочек.","Ręka chirurga","Łącznie 25 dziesiątek."
adv_rich,0,icons/adv_rich.jpg,icons/adv_rich_locked.jpg,"Dragon's hoard","Hold 40 doubloons at once.","Tesoro de dragón","Ten 40 doblones a la vez.","Trésor de dragon","Possède 40 doublons à la fois.","Tesouro de dragão","Tenha 40 dobrões ao mesmo tempo.","Drachenhort","Besitze 40 Dublonen gleichzeitig.","Tesoro del drago","Possiedi 40 dobloni insieme.","Tesoro de dragón","Ten 40 doblones a la vez.","巨龙宝藏","同时持有 40 枚金币。","용의 보물","동시에 도블론 40개를 보유하세요.","ドラゴンの財宝","同時にダブロンを40枚保持しよう。","Драконий клад","Имей одновременно 40 дублонов.","Skarb smoka","Miej naraz 40 dublonów."
adv_flawless,0,icons/adv_flawless.jpg,icons/adv_flawless_locked.jpg,"Not a scratch","Complete an act without losing a life.","Sin un rasguño","Completa un acto sin perder provisiones.","Pas une égratignure","Termine un acte sans perdre une provision.","Sem um arranhão","Complete um ato sem perder uma provisão.","Kein Kratzer","Schließe einen Akt ab, ohne einen Proviant zu verlieren.","Nemmeno un graffio","Completa un atto senza perdere una provvista.","Sin un rasguño","Completa un acto sin perder una provisión.","毫发无伤","完成一幕而不损失任何补给。","흠집 하나 없이","식량을 잃지 않고 한 막을 완료하세요.","無傷","プロビジョンを失わずに1幕を完了しよう。","Ни царапины","Заверши акт, не потеряв ни одного запаса.","Ani draśnięcia","Ukończ akt, nie tracąc żadnego zapasu."
adv_build,0,icons/adv_build.jpg,icons/adv_build_locked.jpg,"Full pack","Hold 5 relics at once.","Mochila llena","Ten 5 reliquias a la vez.","Sac plein","Possède 5 reliques à la fois.","Mochila cheia","Tenha 5 relíquias ao mesmo tempo.","Voller Rucksack","Besitze 5 Relikte gleichzeitig.","Zaino pieno","Possiedi 5 reliquie insieme.","Mochila llena","Ten 5 reliquias a la vez.","满背包","同时持有 5 件遗物。","가득 찬 배낭","동시에 유물 5개를 보유하세요.","満杯のバッグ","同時にレリックを5個保持しよう。","Полный рюкзак","Имей одновременно 5 реликвий.","Pełny plecak","Miej naraz 5 relikwii."
adv_triangulate,0,icons/adv_triangulate.jpg,icons/adv_triangulate_locked.jpg,"Triangulation","Use 3 probes (Sonar or Compass) on a single question.","Triangulación","Lanza 3 sondas (Sonar o Brújula) en una misma pregunta.","Triangulation","Lance 3 sondes (Sonar ou Boussole) sur une même question.","Triangulação","Lance 3 sondas (Sonar ou Bússola) em uma mesma pergunta.","Triangulation","Setze 3 Sonden (Sonar oder Kompass) bei derselben Frage ein.","Triangolazione","Lancia 3 sonde (Sonar o Bussola) nella stessa domanda.","Triangulación","Lanza 3 sondas (Sonar o Brújula) en una misma pregunta.","三角定位","在同一道题中使用 3 次探测（声呐或指南针）。","삼각측량","한 문제에서 탐지(소나 또는 나침반)를 3번 사용하세요.","三角測量","1問のうちに探知（ソナーかコンパス）を3回使おう。","Триангуляция","Используй 3 зонда (Сонар или Компас) в одном вопросе.","Triangulacja","Użyj 3 sond (Sonar lub Kompas) w jednym pytaniu."
adv_supplies,0,icons/adv_supplies.jpg,icons/adv_supplies_locked.jpg,"Well stocked","Activate Double espresso, Resupply and Round insurance together.","Bien abastecido","Activa a la vez Café doble, Refuerzo y Seguro de ronda.","Bien approvisionné","Active ensemble Double expresso, Réapprovisionnement et Assurance de manche.","Bem abastecido","Ative juntos Café duplo, Reforço e Seguro de rodada.","Gut versorgt","Aktiviere Doppelten Espresso, Nachschub und Rundenversicherung zugleich.","Ben rifornito","Attiva insieme Espresso doppio, Rifornimento e Assicurazione del round.","Bien abastecido","Activa a la vez Café doble, Refuerzo y Seguro de ronda.","补给充足","同时启用双份浓缩咖啡、补给和回合保险。","보급 완료","더블 에스프레소, 재보급, 라운드 보험을 한 번에 활성화하세요.","準備万端","ダブルエスプレッソ、補給、ラウンド保険を同時に有効にしよう。","Запасливый","Включи сразу Двойной эспрессо, Пополнение и Страховку раунда.","Pełne zapasy","Włącz naraz Podwójne espresso, Zaopatrzenie i Ubezpieczenie rundy."
codex_country50,0,icons/codex_country50.jpg,icons/codex_country50_locked.jpg,"Globetrotter","50 countries in the Encyclopedia.","Trotamundos","50 países en la Enciclopedia.","Globe-trotteur","50 pays dans l'Encyclopédie.","Viajante do mundo","50 países na Enciclopédia.","Weltenbummler","50 Länder in der Enzyklopädie.","Giramondo","50 paesi nell'Enciclopedia.","Trotamundos","50 países en la Enciclopedia.","环球旅行者","百科全书中收录 50 个国家。","세계 여행자","도감에 국가 50개.","世界を股にかける人","図鑑に国を50件。","Путешественник","50 стран в энциклопедии.","Obieżyświat","50 krajów w Encyklopedii."
codex_250,0,icons/codex_250.jpg,icons/codex_250_locked.jpg,"Professor","250 cards.","Catedrático","250 tarjetas.","Professeur","250 cartes.","Professor","250 cartas.","Professor","250 Karten.","Professore","250 carte.","Profesor","250 cartas.","教授","250 张卡片。","교수","카드 250장.","教授","カード250枚。","Профессор","250 карточек.","Profesor","250 kart."
classic_capitals,0,icons/classic_capitals.jpg,icons/classic_capitals_locked.jpg,"Capital tour","Finish World Capitals.","Gira de capitales","Termina Capitales del mundo.","Tournée des capitales","Termine Capitales du monde.","Roteiro de capitais","Termine Capitais do mundo.","Hauptstadt-Tour","Beende Welthauptstädte.","Giro delle capitali","Termina Capitali del mondo.","Gira de capitales","Termina Capitales del mundo.","首都之旅","完成「世界首都」。","수도 순례","세계의 수도를 완료하세요.","首都めぐり","「世界の首都」を完了しよう。","Тур по столицам","Заверши «Столицы мира».","Objazd stolic","Ukończ Stolice świata."
classic_europe,0,icons/classic_europe.jpg,icons/classic_europe_locked.jpg,"Grand Tour","Finish Europe.","Grand Tour","Termina Europa.","Grand Tour","Termine Europe.","Grand Tour","Termine Europa.","Grand Tour","Beende Europa.","Grand Tour","Termina Europa.","Grand Tour","Termina Europa.","欧洲壮游","完成「欧洲」。","그랜드 투어","유럽을 완료하세요.","グランドツアー","「ヨーロッパ」を完了しよう。","Гранд-тур","Заверши «Европу».","Grand Tour","Ukończ Europę."
classic_latam,0,icons/classic_latam.jpg,icons/classic_latam_locked.jpg,"Latin spirit","Finish Latin America.","Tierra latina","Termina Latinoamérica.","Esprit latin","Termine Amérique latine.","Espírito latino","Termine América Latina.","Latino-Seele","Beende Lateinamerika.","Spirito latino","Termina America Latina.","Tierra latina","Termina Latinoamérica.","拉丁风情","完成「拉丁美洲」。","라틴의 혼","라틴 아메리카를 완료하세요.","ラテンの魂","「ラテンアメリカ」を完了しよう。","Латинский дух","Заверши «Латинскую Америку».","Latynoski duch","Ukończ Amerykę Łacińską."
classic_usa,0,icons/classic_usa.jpg,icons/classic_usa_locked.jpg,"American dream","Finish USA.","Sueño americano","Termina Estados Unidos.","Rêve américain","Termine États-Unis.","Sonho americano","Termine Estados Unidos.","Amerikanischer Traum","Beende USA.","Sogno americano","Termina Stati Uniti.","Sueño americano","Termina Estados Unidos.","美国梦","完成「美国」。","아메리칸 드림","미국을 완료하세요.","アメリカンドリーム","「アメリカ」を完了しよう。","Американская мечта","Заверши «США».","Amerykański sen","Ukończ USA."
classic_asia,0,icons/classic_asia.jpg,icons/classic_asia_locked.jpg,"Silk road","Finish Asia.","Ruta de la seda","Termina Asia.","Route de la soie","Termine Asie.","Rota da seda","Termine Ásia.","Seidenstraße","Beende Asien.","Via della seta","Termina Asia.","Ruta de la seda","Termina Asia.","丝绸之路","完成「亚洲」。","실크로드","아시아를 완료하세요.","シルクロード","「アジア」を完了しよう。","Шёлковый путь","Заверши «Азию».","Jedwabny szlak","Ukończ Azję."
classic_oceania,0,icons/classic_oceania.jpg,icons/classic_oceania_locked.jpg,"Down under","Finish Oceania.","Al fin del mundo","Termina Oceanía.","Aux antipodes","Termine Océanie.","Nos antípodas","Termine Oceania.","Down Under","Beende Ozeanien.","Agli antipodi","Termina Oceania.","Al fin del mundo","Termina Oceanía.","南半球之旅","完成「大洋洲」。","다운 언더","오세아니아를 완료하세요.","ダウンアンダー","「オセアニア」を完了しよう。","На краю света","Заверши «Океанию».","Na antypodach","Ukończ Oceanię."
adv_act2,0,icons/adv_act2.jpg,icons/adv_act2_locked.jpg,"Beyond the map","Complete Act II.","Más allá del mapa","Completa el Acto II.","Au-delà de la carte","Termine l'Acte II.","Além do mapa","Complete o Ato II.","Jenseits der Karte","Schließe Akt II ab.","Oltre la mappa","Completa l'Atto II.","Más allá del mapa","Completa el Acto II.","地图之外","完成第二幕。","지도 너머","2막을 완료하세요.","地図の向こう側","第2幕を完了しよう。","За пределами карты","Заверши Акт II.","Poza mapą","Ukończ Akt II."
adv_lastlife,0,icons/adv_lastlife.jpg,icons/adv_lastlife_locked.jpg,"On the edge","Defeat a boss with a single provision left.","Al filo","Derrota a un jefe con una sola provisión.","Sur le fil","Vaincs un boss avec une seule provision restante.","No limite","Derrote um chefe com só uma provisão restante.","Auf Messers Schneide","Besiege einen Boss mit nur noch einem Proviant.","Sul filo del rasoio","Sconfiggi un boss con una sola provvista rimasta.","Al filo","Derrota a un jefe con una sola provisión.","绝境求生","仅剩 1 份补给时击败一个首领。","벼랑 끝에서","식량이 하나만 남은 상태로 보스를 처치하세요.","崖っぷち","プロビジョン残り1つでボスを倒そう。","На грани","Победи босса, когда остался всего один запас.","Na krawędzi","Pokonaj bossa, mając tylko jeden zapas."
classic_clean,0,icons/classic_clean.jpg,icons/classic_clean_locked.jpg,"No safety net","Finish a Classic campaign from level 1 without failing a single level.","Sin red","Termina una campaña del Clásico desde el nivel 1 sin fallar ninguno.","Sans filet","Termine une campagne du Classique depuis le niveau 1 sans rater un seul niveau.","Sem rede","Termine uma campanha do Clássico desde o nível 1 sem falhar nenhum nível.","Ohne Netz","Beende eine Klassik-Kampagne ab Level 1, ohne ein einziges Level zu verpatzen.","Senza rete","Termina una campagna del Classico dal livello 1 senza fallire nessun livello.","Sin red","Termina una campaña del Clásico desde el nivel 1 sin fallar ninguno.","没有安全网","从第 1 关开始完成一场经典战役，且一关都不失败。","안전망 없이","1레벨부터 한 번도 실패하지 않고 클래식 캠페인을 완료하세요.","命綱なし","レベル1から一度も失敗せずにクラシックのキャンペーンを完了しよう。","Без страховки","Пройди кампанию классики с 1-го уровня, не провалив ни одного.","Bez siatki","Ukończ kampanię Klasyczną od poziomu 1 bez oblania żadnego poziomu."
perfect_5,0,icons/perfect_5.jpg,icons/perfect_5_locked.jpg,"Perfect streak","5 perfect rounds in total.","Racha perfecta","5 rondas perfectas en total.","Série parfaite","5 manches parfaites au total.","Sequência perfeita","5 rodadas perfeitas no total.","Perfekte Serie","Insgesamt 5 perfekte Runden.","Serie perfetta","5 round perfetti in totale.","Racha perfecta","5 rondas perfectas en total.","完美连胜","累计 5 个完美回合。","완벽한 연속","완벽한 라운드 총 5번.","パーフェクト連発","パーフェクトラウンドを合計5回。","Идеальная серия","Всего 5 идеальных раундов.","Idealna passa","Łącznie 5 idealnych rund."
adv_boss5,0,icons/adv_boss5.jpg,icons/adv_boss5_locked.jpg,"Bounty hunter","Defeat 5 bosses in total.","Cazarrecompensas","Derrota a 5 jefes en total.","Chasseur de primes","Vaincs 5 boss au total.","Caçador de recompensas","Derrote 5 chefes no total.","Kopfgeldjäger","Besiege insgesamt 5 Bosse.","Cacciatore di taglie","Sconfiggi 5 boss in totale.","Cazarrecompensas","Derrota a 5 jefes en total.","赏金猎人","累计击败 5 个首领。","현상금 사냥꾼","보스를 총 5번 처치하세요.","賞金稼ぎ","ボスを合計5体倒そう。","Охотник за головами","Победи 5 боссов в сумме.","Łowca nagród","Pokonaj łącznie 5 bossów."
codex_city,0,icons/codex_city.jpg,icons/codex_city_locked.jpg,"World traveler","100 cities.","Turista empedernido","100 ciudades.","Globe-trotter invétéré","100 villes.","Viajante incansável","100 cidades.","Unermüdlicher Reisender","100 Städte.","Viaggiatore incallito","100 città.","Turista empedernido","100 ciudades.","旅行狂人","100 座城市。","지칠 줄 모르는 여행자","도시 100곳.","筋金入りの旅人","都市を100件。","Заядлый путешественник","100 городов.","Zapalony podróżnik","100 miast."
codex_curio,0,icons/codex_curio.jpg,icons/codex_curio_locked.jpg,"Trivia buff","100 curiosities.","Culturilla general","100 curiosidades.","Incollable","100 curiosités.","Craque em curiosidades","100 curiosidades.","Wissensnerd","100 Kuriositäten.","Mago delle curiosità","100 curiosità.","Cultura general","100 curiosidades.","冷知识达人","100 条趣闻。","잡학 박사","흥미로운 사실 100개.","雑学マニア","豆知識を100件。","Знаток фактов","100 любопытных фактов.","Mistrz ciekawostek","100 ciekawostek."
pixel,0,icons/pixel.jpg,icons/pixel_locked.jpg,"To the millimetre","Land within 5 km.","Al milímetro","Acierta a menos de 5 km.","Au millimètre","Tombe à moins de 5 km.","Ao milímetro","Acerte a menos de 5 km.","Auf den Millimeter","Lande unter 5 km.","Al millimetro","Cadi entro 5 km.","Al milímetro","Cae a menos de 5 km.","分毫不差","落点在 5 公里以内。","밀리미터 단위로","5km 이내에 명중.","ミリ単位で","5km以内に着地。","До миллиметра","Попади в пределах 5 км.","Co do milimetra","Traf w promieniu 5 km."
q_1000,0,icons/q_1000.jpg,icons/q_1000_locked.jpg,"Cartographer","1,000 questions answered.","Cartógrafo","1.000 preguntas respondidas.","Cartographe","1 000 questions répondues.","Cartógrafo","1.000 perguntas respondidas.","Kartograf","1.000 Fragen beantwortet.","Cartografo","1.000 domande risposte.","Cartógrafo","1.000 preguntas respondidas.","制图师","回答了 1000 道题。","지도 제작자","1,000개의 문제에 답했습니다.","地図製作者","1,000問に回答。","Картограф","Отвечено на 1000 вопросов.","Kartograf","1000 odpowiedzi."
daily_7,0,icons/daily_7.jpg,icons/daily_7_locked.jpg,"Consistency","Complete 7 Daily challenges.","Constancia","Completa 7 Retos diarios.","Constance","Termine 7 défis quotidiens.","Constância","Complete 7 desafios diários.","Beständigkeit","Schließe 7 Tagesherausforderungen ab.","Costanza","Completa 7 sfide giornaliere.","Constancia","Completa 7 desafíos diarios.","坚持不懈","完成 7 次每日挑战。","꾸준함","일일 도전 7개를 완료하세요.","継続力","デイリーチャレンジを7回完了しよう。","Постоянство","Заверши 7 ежедневных испытаний.","Wytrwałość","Ukończ 7 Wyzwań dnia."
adv_runs10,0,icons/adv_runs10.jpg,icons/adv_runs10_locked.jpg,"Veteran","Start 10 expeditions.","Curtido","Empieza 10 expediciones.","Vétéran","Commence 10 expéditions.","Veterano","Comece 10 expedições.","Veteran","Starte 10 Expeditionen.","Veterano","Inizia 10 spedizioni.","Veterano","Empieza 10 expediciones.","老手","开始 10 次远征。","베테랑","탐험을 10번 시작하세요.","ベテラン","遠征を10回始めよう。","Ветеран","Начни 10 экспедиций.","Weteran","Rozpocznij 10 wypraw."
codex_500,0,icons/codex_500.jpg,icons/codex_500_locked.jpg,"Encyclopedist","500 cards.","Enciclopedista","500 tarjetas.","Encyclopédiste","500 cartes.","Enciclopedista","500 cartas.","Enzyklopädist","500 Karten.","Enciclopedista","500 carte.","Enciclopedista","500 cartas.","百科全书编纂者","500 张卡片。","백과사전 편찬자","카드 500장.","百科事典編纂者","カード500枚。","Энциклопедист","500 карточек.","Encyklopedysta","500 kart."
classic_flags,0,icons/classic_flags.jpg,icons/classic_flags_locked.jpg,"Standard-bearer","Finish Flags.","Abanderado","Termina Banderas.","Porte-drapeau","Termine Drapeaux.","Porta-bandeira","Termine Bandeiras.","Fahnenträger","Beende Flaggen.","Portabandiera","Termina Bandiere.","Abanderado","Termina Banderas.","旗手","完成「国旗」。","기수","국기를 완료하세요.","旗手","「国旗」を完了しよう。","Знаменосец","Заверши «Флаги».","Chorąży","Ukończ Flagi."
classic_clues,0,icons/classic_clues.jpg,icons/classic_clues_locked.jpg,"Sleuth","Finish Clues.","Detective","Termina Pistas.","Détective","Termine Indices.","Detetive","Termine Pistas.","Spürnase","Beende Hinweise.","Detective","Termina Indizi.","Detective","Termina Pistas.","侦探","完成「线索」。","탐정","단서를 완료하세요.","名探偵","「ヒント」を完了しよう。","Сыщик","Заверши «Подсказки».","Detektyw","Ukończ Wskazówki."
classic_events,0,icons/classic_events.jpg,icons/classic_events_locked.jpg,"Witness to history","Finish Historic Events.","Testigo de la historia","Termina Eventos históricos.","Témoin de l'histoire","Termine Événements historiques.","Testemunha da história","Termine Eventos históricos.","Zeitzeuge","Beende Historische Ereignisse.","Testimone della storia","Termina Eventi storici.","Testigo de la historia","Termina Eventos históricos.","历史见证者","完成「历史事件」。","역사의 증인","역사적 사건을 완료하세요.","歴史の目撃者","「歴史的な出来事」を完了しよう。","Свидетель истории","Заверши «Исторические события».","Świadek historii","Ukończ Wydarzenia historyczne."
classic_people,0,icons/classic_people.jpg,icons/classic_people_locked.jpg,"Biographer","Finish Historical Figures.","Biógrafo","Termina Personajes históricos.","Biographe","Termine Personnages historiques.","Biógrafo","Termine Personagens históricos.","Biograf","Beende Historische Persönlichkeiten.","Biografo","Termina Personaggi storici.","Biógrafo","Termina Personajes históricos.","传记作家","完成「历史人物」。","전기 작가","역사 인물을 완료하세요.","伝記作家","「歴史上の人物」を完了しよう。","Биограф","Заверши «Исторические личности».","Biograf","Ukończ Postacie historyczne."
codex_strait,0,icons/codex_strait.jpg,icons/codex_strait_locked.jpg,"Narrow passage","8 straits or capes.","Paso estrecho","8 estrechos o cabos.","Passage étroit","8 détroits ou caps.","Passagem estreita","8 estreitos ou cabos.","Enge Durchfahrt","8 Meerengen oder Kaps.","Passaggio stretto","8 stretti o capi.","Paso estrecho","8 estrechos o cabos.","狭窄水道","8 个海峡或海角。","좁은 해협","해협 또는 곶 8곳.","狭き水路","海峡・岬を8件。","Узкий проход","8 проливов или мысов.","Wąskie przejście","8 cieśnin lub przylądków."
streak_20,0,icons/streak_20.jpg,icons/streak_20_locked.jpg,"Eruption","20-hit streak.","Erupción","Racha de 20 aciertos.","Éruption","Série de 20 tirs.","Erupção","Sequência de 20 acertos.","Ausbruch","Serie von 20 Treffern.","Eruzione","Serie di 20 colpi.","Erupción","Racha de 20 aciertos.","喷发","连续命中 20 次。","폭발","20연속 명중.","噴火","20連続ヒット。","Извержение","Серия из 20 попаданий.","Erupcja","Seria 20 trafień."
adv_win,0,icons/adv_win.jpg,icons/adv_win_locked.jpg,"Terra Incognita","Complete Act III and win the expedition.","Terra Incognita","Completa el Acto III y gana la expedición.","Terra Incognita","Termine l'Acte III et gagne l'expédition.","Terra Incognita","Complete o Ato III e vença a expedição.","Terra Incognita","Schließe Akt III ab und gewinne die Expedition.","Terra Incognita","Completa l'Atto III e vinci la spedizione.","Terra Incognita","Completa el Acto III y gana la expedición.","未知之地","完成第三幕并赢得远征。","테라 인코그니타","3막을 완료하고 탐험에서 승리하세요.","テラ・インコグニタ","第3幕を完了して遠征に勝利しよう。","Terra Incognita","Заверши Акт III и выиграй экспедицию.","Terra Incognita","Ukończ Akt III i wygraj wyprawę."
adv_asc,0,icons/adv_asc.jpg,icons/adv_asc_locked.jpg,"Ascension","Win an expedition at Ascension 1 or higher.","Ascensión","Gana una expedición en Ascensión 1 o más.","Ascension","Gagne une expédition en Ascension 1 ou plus.","Ascensão","Vença uma expedição na Ascensão 1 ou mais.","Aufstieg","Gewinne eine Expedition ab Aufstieg 1.","Ascensione","Vinci una spedizione all'Ascensione 1 o superiore.","Ascensión","Gana una expedición en Ascensión 1 o superior.","飞升","在飞升 1 级或以上赢得远征。","어센션","어센션 1 이상에서 탐험에서 승리하세요.","アセンション","アセンション1以上で遠征に勝利しよう。","Восхождение","Выиграй экспедицию на Восхождении 1 или выше.","Wniebowstąpienie","Wygraj wyprawę na Wniebowstąpieniu 1 lub wyższym."
classic_gold1,0,icons/classic_gold1.jpg,icons/classic_gold1_locked.jpg,"First gold","Earn your first Classic gold medal.","Oro a la vista","Consigue tu primera medalla de oro en el Clásico.","Premier or","Obtiens ta première médaille d'or au Classique.","Primeiro ouro","Conquiste sua primeira medalha de ouro no Clássico.","Erstes Gold","Hol deine erste Goldmedaille im Klassik-Modus.","Primo oro","Ottieni la tua prima medaglia d'oro nel Classico.","Oro a la vista","Consigue tu primera medalla de oro en el Clásico.","首枚金牌","在经典模式中获得第一枚金牌。","첫 금메달","클래식에서 첫 금메달을 획득하세요.","初めての金","クラシックで初めての金メダルを獲得しよう。","Первое золото","Получи первую золотую медаль в классике.","Pierwsze złoto","Zdobądź pierwszy złoty medal w trybie Klasycznym."
bull_100,0,icons/bull_100.jpg,icons/bull_100_locked.jpg,"Hawk eye","100 bullseyes in total.","Ojo de halcón","100 dianas en total.","Œil de faucon","100 mille au total.","Olho de falcão","100 moscas no total.","Falkenauge","100 Volltreffer insgesamt.","Occhio di falco","100 centri in totale.","Ojo de halcón","100 blancos perfectos en total.","鹰眼","累计正中靶心 100 次。","매의 눈","총 100번 명중.","鷹の目","合計100回命中。","Соколиный глаз","Всего 100 яблочек.","Sokole oko","Łącznie 100 dziesiątek."
inside_100,0,icons/inside_100.jpg,icons/inside_100_locked.jpg,"Well-traveled","Click inside 100 countries.","Bien viajado","Haz clic dentro de 100 países.","Grand voyageur","Clique dans 100 pays.","Viajado","Clique dentro de 100 países.","Weitgereist","Klicke in 100 Länder.","Giramondo esperto","Clicca dentro 100 paesi.","Bien viajado","Haz clic dentro de 100 países.","见多识广","在 100 个国家境内点击过。","여행 고수","100개 국가 안을 클릭하세요.","旅慣れた人","100か国の中をクリックしよう。","Бывалый путешественник","Кликни внутри 100 стран.","Obyty w świecie","Kliknij w granicach 100 krajów."
adv_flawless2,0,icons/adv_flawless2.jpg,icons/adv_flawless2_locked.jpg,"Flawless II","Complete Act II without losing a life.","Impecable II","Completa el Acto II sin perder provisiones.","Sans faute II","Termine l'Acte II sans perdre de provision.","Impecável II","Complete o Ato II sem perder provisões.","Makellos II","Schließe Akt II ab, ohne Proviant zu verlieren.","Impeccabile II","Completa l'Atto II senza perdere provviste.","Impecable II","Completa el Acto II sin perder provisiones.","完美无瑕 II","完成第二幕而不损失任何补给。","무결점 II","식량을 잃지 않고 2막을 완료하세요.","パーフェクトII","プロビジョンを失わずに第2幕を完了しよう。","Безупречно II","Пройди Акт II, не потеряв ни одного запаса.","Bez skazy II","Ukończ Akt II bez utraty zapasów."
adv_endless,0,icons/adv_endless.jpg,icons/adv_endless_locked.jpg,"Legend","Survive 25 questions in infinite mode.","Leyenda","Aguanta 25 preguntas en el modo infinito.","Légende","Tiens bon pendant 25 questions en mode infini.","Lenda","Aguente 25 perguntas no modo infinito.","Legende","Überstehe 25 Fragen im Endlosmodus.","Leggenda","Resisti per 25 domande in modalità infinita.","Leyenda","Aguanta 25 preguntas en el modo infinito.","传说","在无尽模式中坚持答完 25 道题。","레전드","무한 모드에서 25문제를 버티세요.","レジェンド","エンドレスモードで25問を耐え抜こう。","Легенда","Продержись 25 вопросов в бесконечном режиме.","Legenda","Przetrwaj 25 pytań w trybie nieskończonym."
adv_fullhouse,0,icons/adv_fullhouse.jpg,icons/adv_fullhouse_locked.jpg,"Clean sweep","5 bullseyes in a single Adventure round.","Pleno","5 dianas en una misma ronda de la Aventura.","Carton plein","5 mille dans une même manche de l'Aventure.","Gabarito","5 moscas em uma mesma rodada da Aventura.","Volle Punktzahl","5 Volltreffer in einer einzigen Abenteuer-Runde.","Filotto","5 centri in un solo round dell'Avventura.","Pleno","5 blancos perfectos en una misma ronda de Aventura.","五发全中","在同一个冒险回合中正中靶心 5 次。","싹쓸이","모험 한 라운드에서 명중 5번.","全弾命中","アドベンチャーの1ラウンドで5回命中。","Все в яблочко","5 яблочек за один раунд Приключения.","Komplet","5 dziesiątek w jednej rundzie Przygody."
adv_legendary,0,icons/adv_legendary.jpg,icons/adv_legendary_locked.jpg,"Legendary loot","Get a legendary relic from a boss chest.","Botín legendario","Consigue una reliquia legendaria en un cofre de jefe.","Butin légendaire","Obtiens une relique légendaire dans un coffre du boss.","Espólio lendário","Consiga uma relíquia lendária em um baú do chefe.","Legendäre Beute","Erhalte ein legendäres Relikt aus einer Boss-Truhe.","Bottino leggendario","Ottieni una reliquia leggendaria da un forziere del boss.","Botín legendario","Consigue una reliquia legendaria en un cofre de jefe.","传说战利品","从首领宝箱中获得一件传说遗物。","전설의 전리품","보스 상자에서 전설 유물을 얻으세요.","伝説の戦利品","ボスの宝箱から伝説のレリックを手に入れよう。","Легендарная добыча","Получи легендарную реликвию из сундука босса.","Legendarny łup","Zdobądź legendarną relikwię ze skrzyni bossa."
codex_1000,0,icons/codex_1000.jpg,icons/codex_1000_locked.jpg,"Librarian","1,000 cards.","Bibliotecario","1.000 tarjetas.","Bibliothécaire","1 000 cartes.","Bibliotecário","1.000 cartas.","Bibliothekar","1.000 Karten.","Bibliotecario","1.000 carte.","Bibliotecario","1.000 cartas.","图书管理员","1,000 张卡片。","사서","카드 1,000장.","司書","カード1,000枚。","Библиотекарь","1000 карточек.","Bibliotekarz","1000 kart."
adv_score100k,0,icons/adv_score100k.jpg,icons/adv_score100k_locked.jpg,"Jackpot","100,000 points in a single expedition.","Premio gordo","100.000 puntos en una sola expedición.","Jackpot","100 000 points en une seule expédition.","Bolada","100.000 pontos em uma única expedição.","Jackpot","100.000 Punkte in einer einzigen Expedition.","Jackpot","100.000 punti in una sola spedizione.","Premio mayor","100.000 puntos en una sola expedición.","头奖","单次远征获得 100,000 分。","잭팟","한 번의 탐험에서 100,000점.","ジャックポット","1回の遠征で100,000ポイント。","Джекпот","100 000 очков за одну экспедицию.","Jackpot","100 000 punktów w jednej wyprawie."
adv_rich2,0,icons/adv_rich2.jpg,icons/adv_rich2_locked.jpg,"High roller","Hold 100 doubloons at once.","Altas apuestas","Ten 100 doblones a la vez.","Flambeur","Possède 100 doublons à la fois.","Apostador de peso","Tenha 100 dobrões ao mesmo tempo.","Großspieler","Besitze 100 Dublonen gleichzeitig.","Giocatore d'alto bordo","Possiedi 100 dobloni insieme.","Altas apuestas","Ten 100 doblones a la vez.","豪赌客","同时持有 100 枚金币。","하이 롤러","동시에 도블론 100개를 보유하세요.","ハイローラー","同時にダブロンを100枚保持しよう。","Хайроллер","Имей одновременно 100 дублонов.","Gruba ryba","Miej naraz 100 dublonów."
speed_master,0,icons/speed_master.jpg,icons/speed_master_locked.jpg,"Dealer reflexes","Nail it almost perfectly in under 1 second.","Reflejos de crupier","Acierta muy bien en menos de 1 segundo.","Réflexes de croupier","Vise presque parfaitement en moins d'1 seconde.","Reflexos de crupiê","Acerte quase perfeitamente em menos de 1 segundo.","Croupier-Reflexe","Triff fast perfekt in unter 1 Sekunde.","Riflessi da croupier","Centra quasi alla perfezione in meno di 1 secondo.","Reflejos de crupier","Acierta muy bien en menos de 1 segundo.","荷官般的反应","在 1 秒内近乎完美地命中。","딜러의 반사신경","1초 이내에 거의 완벽하게 명중하세요.","ディーラーの反射神経","1秒以内にほぼ完璧に命中させよう。","Рефлексы крупье","Попади почти идеально меньше чем за секунду.","Refleks krupiera","Traf niemal idealnie w mniej niż sekundę."
adv_wins3,0,icons/adv_wins3.jpg,icons/adv_wins3_locked.jpg,"Hat trick","Win 3 expeditions.","Triplete","Gana 3 expediciones.","Coup du chapeau","Gagne 3 expéditions.","Hat-trick","Vença 3 expedições.","Hattrick","Gewinne 3 Expeditionen.","Tripletta","Vinci 3 spedizioni.","Triplete","Gana 3 expediciones.","帽子戏法","赢得 3 次远征。","해트트릭","탐험에서 3번 승리하세요.","ハットトリック","遠征に3回勝利しよう。","Хет-трик","Выиграй 3 экспедиции.","Hat trick","Wygraj 3 wyprawy."
classic_all,0,icons/classic_all.jpg,icons/classic_all_locked.jpg,"Classic master","Finish every Classic campaign.","Maestro del Clásico","Termina todas las campañas del Clásico.","Maître du Classique","Termine toutes les campagnes du Classique.","Mestre do Clássico","Termine todas as campanhas do Clássico.","Klassik-Meister","Beende alle Klassik-Kampagnen.","Maestro del Classico","Termina tutte le campagne del Classico.","Maestro Clásico","Termina todas las campañas del Clásico.","经典大师","完成所有经典战役。","클래식 마스터","모든 클래식 캠페인을 완료하세요.","クラシックマスター","クラシックのキャンペーンをすべて完了しよう。","Мастер классики","Заверши все кампании классики.","Mistrz klasyki","Ukończ wszystkie kampanie Klasyczne."
plays_50,0,icons/plays_50.jpg,icons/plays_50_locked.jpg,"Regular","Play 50 games.","Cliente habitual","Juega 50 partidas.","Habitué","Joue 50 parties.","Frequentador","Jogue 50 partidas.","Stammspieler","Spiele 50 Partien.","Habitué","Gioca 50 partite.","Cliente habitual","Juega 50 partidas.","常客","游玩 50 局。","단골","50판을 플레이하세요.","常連","50回プレイしよう。","Постоянный гость","Сыграй 50 партий.","Bywalec","Zagraj 50 gier."
q_5000,0,icons/q_5000.jpg,icons/q_5000_locked.jpg,"Geographer","5,000 questions answered.","Geógrafo","5.000 preguntas respondidas.","Géographe","5 000 questions répondues.","Geógrafo","5.000 perguntas respondidas.","Geograf","5.000 Fragen beantwortet.","Geografo","5.000 domande risposte.","Geógrafo","5.000 preguntas respondidas.","地理学家","回答了 5000 道题。","지리학자","5,000개의 문제에 답했습니다.","地理学者","5,000問に回答。","Географ","Отвечено на 5000 вопросов.","Geograf","5000 odpowiedzi."
classic_gold5,0,icons/classic_gold5.jpg,icons/classic_gold5_locked.jpg,"Gold rush","Gold medal in 5 Classic campaigns.","Cinco de oros","Medalla de oro en 5 campañas del Clásico.","Ruée vers l'or","Médaille d'or dans 5 campagnes du Classique.","Corrida do ouro","Medalha de ouro em 5 campanhas do Clássico.","Goldrausch","Goldmedaille in 5 Klassik-Kampagnen.","Corsa all'oro","Medaglia d'oro in 5 campagne del Classico.","Cinco de oros","Medalla de oro en 5 campañas del Clásico.","淘金热","在 5 场经典战役中获得金牌。","골드 러시","클래식 캠페인 5개에서 금메달.","ゴールドラッシュ","クラシックの5キャンペーンで金メダル。","Золотая лихорадка","Золото в 5 кампаниях классики.","Gorączka złota","Złoty medal w 5 kampaniach Klasycznych."
adv_asc2,0,icons/adv_asc2.jpg,icons/adv_asc2_locked.jpg,"Ascension II","Win an expedition at Ascension 2 or higher.","Ascensión II","Gana una expedición en Ascensión 2 o más.","Ascension II","Gagne une expédition en Ascension 2 ou plus.","Ascensão II","Vença uma expedição na Ascensão 2 ou mais.","Aufstieg II","Gewinne eine Expedition ab Aufstieg 2.","Ascensione II","Vinci una spedizione all'Ascensione 2 o superiore.","Ascensión II","Gana una expedición en Ascensión 2 o más.","飞升 II","在飞升 2 级或以上赢得远征。","어센션 II","어센션 2 이상에서 탐험에서 승리하세요.","アセンションII","アセンション2以上で遠征に勝利しよう。","Восхождение II","Выиграй экспедицию на Восхождении 2 или выше.","Wniebowstąpienie II","Wygraj wyprawę na Wniebowstąpieniu 2 lub wyższym."
adv_asc3,0,icons/adv_asc3.jpg,icons/adv_asc3_locked.jpg,"Ascension III","Win an expedition at Ascension 3 or higher.","Ascensión III","Gana una expedición en Ascensión 3 o más.","Ascension III","Gagne une expédition en Ascension 3 ou plus.","Ascensão III","Vença uma expedição na Ascensão 3 ou mais.","Aufstieg III","Gewinne eine Expedition ab Aufstieg 3.","Ascensione III","Vinci una spedizione all'Ascensione 3 o superiore.","Ascensión III","Gana una expedición en Ascensión 3 o más.","飞升 III","在飞升 3 级或以上赢得远征。","어센션 III","어센션 3 이상에서 탐험에서 승리하세요.","アセンションIII","アセンション3以上で遠征に勝利しよう。","Восхождение III","Выиграй экспедицию на Восхождении 3 или выше.","Wniebowstąpienie III","Wygraj wyprawę na Wniebowstąpieniu 3 lub wyższym."
adv_flawless3,0,icons/adv_flawless3.jpg,icons/adv_flawless3_locked.jpg,"Flawless legend","Complete Act III without losing a life.","Leyenda intachable","Completa el Acto III sin perder provisiones.","Légende sans faute","Termine l'Acte III sans perdre de provision.","Lenda impecável","Complete o Ato III sem perder provisões.","Makellose Legende","Schließe Akt III ab, ohne Proviant zu verlieren.","Leggenda impeccabile","Completa l'Atto III senza perdere provviste.","Leyenda intachable","Completa el Acto III sin perder provisiones.","完美传说","完成第三幕而不损失任何补给。","무결점 레전드","식량을 잃지 않고 3막을 완료하세요.","完璧な伝説","プロビジョンを失わずに第3幕を完了しよう。","Безупречная легенда","Пройди Акт III, не потеряв ни одного запаса.","Nieskazitelna legenda","Ukończ Akt III bez utraty zapasów."
daily_30,0,icons/daily_30.jpg,icons/daily_30_locked.jpg,"Daily ritual","Complete 30 Daily challenges.","Ritual diario","Completa 30 Retos diarios.","Rituel quotidien","Termine 30 défis quotidiens.","Ritual diário","Complete 30 desafios diários.","Tägliches Ritual","Schließe 30 Tagesherausforderungen ab.","Rituale quotidiano","Completa 30 sfide giornaliere.","Ritual diario","Completa 30 Retos diarios.","每日仪式","完成 30 次每日挑战。","매일의 의식","일일 도전 30개를 완료하세요.","毎日の儀式","デイリーチャレンジを30回完了しよう。","Ежедневный ритуал","Заверши 30 ежедневных испытаний.","Codzienny rytuał","Ukończ 30 Wyzwań dnia."
codex_country,0,icons/codex_country.jpg,icons/codex_country_locked.jpg,"Full passport","190 countries in the Encyclopedia.","Pasaporte completo","190 países en la Enciclopedia.","Passeport plein","190 pays dans l'Encyclopédie.","Passaporte cheio","190 países na Enciclopédia.","Voller Reisepass","190 Länder in der Enzyklopädie.","Passaporto pieno","190 paesi nell'Enciclopedia.","Pasaporte completo","190 países en la Enciclopedia.","盖满章的护照","百科全书中收录 190 个国家。","도장 가득한 여권","도감에 국가 190개.","スタンプだらけのパスポート","図鑑に国を190件。","Паспорт без свободных страниц","190 стран в энциклопедии.","Pełny paszport","190 krajów w Encyklopedii."
adv_asc4,0,icons/adv_asc4.jpg,icons/adv_asc4_locked.jpg,"Ascension IV","Win an expedition at Ascension 4 or higher.","Ascensión IV","Gana una expedición en Ascensión 4 o más.","Ascension IV","Gagne une expédition en Ascension 4 ou plus.","Ascensão IV","Vença uma expedição na Ascensão 4 ou mais.","Aufstieg IV","Gewinne eine Expedition ab Aufstieg 4.","Ascensione IV","Vinci una spedizione all'Ascensione 4 o superiore.","Ascensión IV","Gana una expedición en Ascensión 4 o más.","飞升 IV","在飞升 4 级或以上赢得远征。","어센션 IV","어센션 4 이상에서 탐험에서 승리하세요.","アセンションIV","アセンション4以上で遠征に勝利しよう。","Восхождение IV","Выиграй экспедицию на Восхождении 4 или выше.","Wniebowstąpienie IV","Wygraj wyprawę na Wniebowstąpieniu 4 lub wyższym."
bull_500,0,icons/bull_500.jpg,icons/bull_500_locked.jpg,"Map legend","500 bullseyes in total.","Leyenda del mapa","500 dianas en total.","Légende de la carte","500 mille au total.","Lenda do mapa","500 moscas no total.","Kartenlegende","500 Volltreffer insgesamt.","Leggenda della mappa","500 centri in totale.","Leyenda del mapa","500 blancos perfectos en total.","地图传奇","累计正中靶心 500 次。","지도의 전설","총 500번 명중.","地図の伝説","合計500回命中。","Легенда карты","Всего 500 яблочек.","Legenda mapy","Łącznie 500 dziesiątek."
streak_50,0,icons/streak_50.jpg,icons/streak_50_locked.jpg,"Invincible","50-hit streak.","Invencible","Racha de 50 aciertos.","Invincible","Série de 50 tirs.","Invencível","Sequência de 50 acertos.","Unbesiegbar","Serie von 50 Treffern.","Invincibile","Serie di 50 colpi.","Invencible","Racha de 50 aciertos.","无人能敌","连续命中 50 次。","무적","50연속 명중.","無敵","50連続ヒット。","Непобедимый","Серия из 50 попаданий.","Niezwyciężony","Seria 50 trafień."
adv_endless2,0,icons/adv_endless2.jpg,icons/adv_endless2_locked.jpg,"Myth","Survive 50 questions in infinite mode.","Mito","Aguanta 50 preguntas en el modo infinito.","Mythe","Tiens bon pendant 50 questions en mode infini.","Mito","Aguente 50 perguntas no modo infinito.","Mythos","Überstehe 50 Fragen im Endlosmodus.","Mito","Resisti per 50 domande in modalità infinita.","Mito","Aguanta 50 preguntas en el modo infinito.","神话","在无尽模式中坚持答完 50 道题。","신화","무한 모드에서 50문제를 버티세요.","神話","エンドレスモードで50問を耐え抜こう。","Миф","Продержись 50 вопросов в бесконечном режиме.","Mit","Przetrwaj 50 pytań w trybie nieskończonym."
codex_2500,0,icons/codex_2500.jpg,icons/codex_2500_locked.jpg,"Great Library","2,500 cards.","Gran Biblioteca","2.500 tarjetas.","Grande Bibliothèque","2 500 cartes.","Grande Biblioteca","2.500 cartas.","Große Bibliothek","2.500 Karten.","Grande Biblioteca","2.500 carte.","Gran Biblioteca","2.500 cartas.","大图书馆","2,500 张卡片。","대도서관","카드 2,500장.","大図書館","カード2,500枚。","Великая библиотека","2500 карточек.","Wielka Biblioteka","2500 kart."
codex_capitals_all,0,icons/codex_capitals_all.jpg,icons/codex_capitals_all_locked.jpg,"Ambassador","Every world capital in the Encyclopedia.","Embajador","Todas las capitales del mundo en la Enciclopedia.","Ambassadeur","Toutes les capitales du monde dans l'Encyclopédie.","Embaixador","Todas as capitais do mundo na Enciclopédia.","Botschafter","Alle Hauptstädte der Welt in der Enzyklopädie.","Ambasciatore","Tutte le capitali del mondo nell'Enciclopedia.","Embajador","Todas las capitales del mundo en la Enciclopedia.","大使","百科全书中收录世界上所有首都。","대사","도감에 세계의 모든 수도.","大使","図鑑に世界のすべての首都。","Посол","Все столицы мира в энциклопедии.","Ambasador","Wszystkie stolice świata w Encyklopedii."
adv_wins10,0,icons/adv_wins10.jpg,icons/adv_wins10_locked.jpg,"House regular","Win 10 expeditions.","Habitual de la casa","Gana 10 expediciones.","Habitué de la maison","Gagne 10 expéditions.","Freguês da casa","Vença 10 expedições.","Stammgast","Gewinne 10 Expeditionen.","Cliente abituale","Vinci 10 spedizioni.","Habitual de la casa","Gana 10 expediciones.","赌场常客","赢得 10 次远征。","단골손님","탐험에서 10번 승리하세요.","常連客","遠征に10回勝利しよう。","Завсегдатай","Выиграй 10 экспедиций.","Stały bywalec","Wygraj 10 wypraw."
adv_blindwin,0,icons/adv_blindwin.jpg,icons/adv_blindwin_locked.jpg,"Blind faith","Win an expedition with the Blind adventurer deck.","Fe ciega","Gana una expedición con la baraja Aventurero ciego.","Foi aveugle","Gagne une expédition avec le paquet Aventurier aveugle.","Fé cega","Vença uma expedição com o baralho Aventureiro cego.","Blinder Glaube","Gewinne eine Expedition mit dem Deck Blinder Abenteurer.","Fede cieca","Vinci una spedizione con il mazzo Avventuriero cieco.","Fe ciega","Gana una expedición con la baraja Aventurero ciego.","盲目的信念","使用「盲眼冒险者」套牌赢得一次远征。","맹목적인 믿음","눈먼 모험가 덱으로 탐험에서 승리하세요.","盲信","「盲目の冒険者」デッキで遠征に勝利しよう。","Слепая вера","Выиграй экспедицию с колодой «Слепой авантюрист».","Ślepa wiara","Wygraj wyprawę talią Ślepy awanturnik."
adv_alldecks,0,icons/adv_alldecks.jpg,icons/adv_alldecks_locked.jpg,"Four suits","Win an expedition with each of the 4 decks.","Cuatro palos","Gana una expedición con cada una de las 4 barajas.","Quatre couleurs","Gagne une expédition avec chacun des 4 paquets.","Quatro naipes","Vença uma expedição com cada um dos 4 baralhos.","Vier Farben","Gewinne mit jedem der 4 Decks eine Expedition.","Quattro semi","Vinci una spedizione con ciascuno dei 4 mazzi.","Cuatro palos","Gana una expedición con cada una de las 4 barajas.","四种花色","用 4 种套牌各赢得一次远征。","네 가지 문양","4가지 덱으로 각각 탐험에서 승리하세요.","4つのスート","4つのデッキそれぞれで遠征に勝利しよう。","Четыре масти","Выиграй экспедицию каждой из 4 колод.","Cztery kolory","Wygraj wyprawę każdą z 4 talii."
q_10000,0,icons/q_10000.jpg,icons/q_10000_locked.jpg,"Map sage","10,000 questions answered.","Sabio de los mapas","10.000 preguntas respondidas.","Sage des cartes","10 000 questions répondues.","Sábio dos mapas","10.000 perguntas respondidas.","Kartenweiser","10.000 Fragen beantwortet.","Saggio delle mappe","10.000 domande risposte.","Sabio de los mapas","10.000 preguntas respondidas.","地图智者","回答了 10000 道题。","지도의 현자","10,000개의 문제에 답했습니다.","地図の賢者","10,000問に回答。","Мудрец карт","Отвечено на 10 000 вопросов.","Mędrzec map","10 000 odpowiedzi."
bull_1000,0,icons/bull_1000.jpg,icons/bull_1000_locked.jpg,"Ace shot","1,000 bullseyes in total.","As de diana","1.000 dianas en total.","Tireur d'élite","1 000 mille au total.","Mira de ás","1.000 moscas no total.","Meisterschütze","1.000 Volltreffer insgesamt.","Tiratore scelto","1.000 centri in totale.","As de diana","1.000 dianas en total.","神射手","累计正中靶心 1000 次。","명사수","총 1,000번 명중.","名射手","合計1,000回命中。","Снайпер","Всего 1000 яблочек.","As strzelców","Łącznie 1000 dziesiątek."
classic_goldall,0,icons/classic_goldall.jpg,icons/classic_goldall_locked.jpg,"Solid gold","Gold medal in every Classic campaign.","Oro puro","Medalla de oro en todas las campañas del Clásico.","Or massif","Médaille d'or dans toutes les campagnes du Classique.","Ouro puro","Medalha de ouro em todas as campanhas do Clássico.","Pures Gold","Goldmedaille in allen Klassik-Kampagnen.","Oro massiccio","Medaglia d'oro in tutte le campagne del Classico.","Oro puro","Medalla de oro en todas las campañas del Clásico.","纯金","在所有经典战役中获得金牌。","순금","모든 클래식 캠페인에서 금메달.","純金","クラシックの全キャンペーンで金メダル。","Чистое золото","Золото во всех кампаниях классики.","Szczere złoto","Złoty medal we wszystkich kampaniach Klasycznych."
adv_ascmax,0,icons/adv_ascmax.jpg,icons/adv_ascmax_locked.jpg,"The summit","Win an expedition at max Ascension.","La cumbre","Gana una expedición en la Ascensión máxima.","Le sommet","Gagne une expédition en Ascension maximale.","O cume","Vença uma expedição na Ascensão máxima.","Der Gipfel","Gewinne eine Expedition auf höchstem Aufstieg.","La vetta","Vinci una spedizione all'Ascensione massima.","La cumbre","Gana una expedición en la Ascensión máxima.","巅峰","在最高飞升等级赢得远征。","정상","최고 어센션에서 탐험에서 승리하세요.","頂上","最高アセンションで遠征に勝利しよう。","Вершина","Выиграй экспедицию на максимальном Восхождении.","Szczyt","Wygraj wyprawę na najwyższym Wniebowstąpieniu."
codex_all,0,icons/codex_all.jpg,icons/codex_all_locked.jpg,"Completionist","Unlock every card.","Completista","Desbloquea todas las tarjetas.","Complétiste","Débloque toutes les cartes.","Completista","Desbloqueie todas as cartas.","Komplettist","Schalte jede Karte frei.","Completista","Sblocca tutte le carte.","Completista","Desbloquea todas las cartas.","全收集达人","解锁所有卡片。","완주자","모든 카드를 잠금 해제하세요.","コンプリート","すべてのカードを解除しよう。","Коллекционер полного комплекта","Разблокируй все карточки.","Kolekcjoner","Odblokuj wszystkie karty."
marathon,1,icons/marathon.jpg,icons/marathon_locked.jpg,"Marathon","50 questions in one session.","Maratón","50 preguntas en una sesión.","Marathon","50 questions en une session.","Maratona","50 perguntas em uma sessão.","Marathon","50 Fragen in einer Sitzung.","Maratona","50 domande in una sessione.","Maratón","50 preguntas en una sesión.","马拉松","在一局中回答 50 道题。","마라톤","한 세션에서 문제 50개.","マラソン","1セッションで50問。","Марафон","50 вопросов за одну сессию.","Maraton","50 pytań w jednej sesji."
night,1,icons/night.jpg,icons/night_locked.jpg,"Night owl","Play past midnight.","Búho","Juega pasada la medianoche.","Oiseau de nuit","Joue après minuit.","Coruja","Jogue depois da meia-noite.","Nachteule","Spiele nach Mitternacht.","Nottambulo","Gioca dopo mezzanotte.","Ave nocturna","Juega después de medianoche.","夜猫子","在午夜之后游玩。","올빼미형 인간","자정이 지나고 플레이하세요.","夜型人間","深夜0時以降にプレイしよう。","Полуночник","Играй после полуночи.","Nocny marek","Zagraj po północy."
early_bird,1,icons/early_bird.jpg,icons/early_bird_locked.jpg,"Early bird","Play between 5 and 7 AM.","Madrugador","Juega entre las 5 y las 7 de la mañana.","Lève-tôt","Joue entre 5 h et 7 h du matin.","Madrugador","Jogue entre 5 e 7 da manhã.","Frühaufsteher","Spiele zwischen 5 und 7 Uhr morgens.","Mattiniero","Gioca tra le 5 e le 7 del mattino.","Madrugador","Juega entre las 5 y las 7 a.m.","早起的鸟儿","在早上 5 点到 7 点之间游玩。","아침형 인간","오전 5시에서 7시 사이에 플레이하세요.","早起き","朝5時から7時の間にプレイしよう。","Ранняя пташка","Сыграй с 5 до 7 утра.","Ranny ptaszek","Zagraj między 5 a 7 rano."
weekend,1,icons/weekend.jpg,icons/weekend_locked.jpg,"Weekender","Play on a weekend.","Findesemanero","Juega en fin de semana.","Joueur du week-end","Joue un week-end.","Jogador de fim de semana","Jogue num fim de semana.","Wochenendspieler","Spiele an einem Wochenende.","Giocatore del weekend","Gioca nel weekend.","Jugador de fin de semana","Juega en fin de semana.","周末玩家","在周末游玩。","주말 게이머","주말에 플레이하세요.","週末ゲーマー","週末にプレイしよう。","Игрок выходного дня","Сыграй в выходные.","Weekendowy gracz","Zagraj w weekend."
